number	section	weblate_key	new
1	01-ekran-glowny	general_alert_cancel	
2	01-ekran-glowny	general_alert_done	
3	01-ekran-glowny	general_loading_start	
4	01-ekran-glowny	general_error_location_services_find_location_error	
5	01-ekran-glowny	general_error_add_marker_error	
6	01-ekran-glowny	general_error_add_marker_duplicate	
7	01-ekran-glowny	error_message_route_not_found	
8	01-ekran-glowny	error_message_deleting_route	
9	01-ekran-glowny	error_message_saving_route	
10	01-ekran-glowny	service_still_running	
11	01-ekran-glowny	search_bar_hint	
12	01-ekran-glowny	search_no_results	
13	01-ekran-glowny	search_searching	
14	01-ekran-glowny	talkback_default_activate	
15	01-ekran-glowny	user_activity_save_marker_title	
16	01-ekran-glowny	search_choose_destination	
17	01-ekran-glowny	search_use_current_location	
18	01-ekran-glowny	search_nearby_screen_title	
19	01-ekran-glowny	search_view_markers	
20	01-ekran-glowny	search_button_markers_accessibility_hint	
21	01-ekran-glowny	search_button_nearby_accessibility_hint	
22	01-ekran-glowny	search_button_current_location_accessibility_hint	
23	01-ekran-glowny	stationary_on_way	
24	01-ekran-glowny	ui_action_button_my_location_acc_hint	
25	01-ekran-glowny	ui_action_button_nearby_markers_acc_hint	
26	01-ekran-glowny	ui_action_button_around_me_acc_hint	
27	01-ekran-glowny	ui_action_button_ahead_of_me_acc_hint	
28	01-ekran-glowny	menu_route	
29	01-ekran-glowny	menu_route_next_waypoint	
30	01-ekran-glowny	menu_route_previous_waypoint	
31	01-ekran-glowny	menu_no_routes	
32	01-ekran-glowny	menu_main_menu	
33	01-ekran-glowny	ui_menu	
34	01-ekran-glowny	ui_menu_hint	
35	01-ekran-glowny	ui_menu_close	
36	01-ekran-glowny	ui_continue	
37	01-ekran-glowny	ui_grant_permission	
38	01-ekran-glowny	menu_manage_callouts	
39	01-ekran-glowny	menu_manage_search	
40	01-ekran-glowny	menu_help_and_tutorials	
41	01-ekran-glowny	menu_help	
42	01-ekran-glowny	menu_rate	
43	01-ekran-glowny	menu_contact_support	
44	01-ekran-glowny	menu_advanced_markers_and_routes	
45	01-ekran-glowny	ui_back_button_title	
46	01-ekran-glowny	permissions_required	
47	01-ekran-glowny	permissions_button	
48	01-ekran-glowny	share_title	
49	01-ekran-glowny	no_language_selected	
50	01-ekran-glowny	battery_optimization_title	
51	01-ekran-glowny	notification_text	
52	01-ekran-glowny	cancel_search_contentDescription	
53	01-ekran-glowny	menu_manage_audio	
54	01-ekran-glowny	menu_manage_accessibility	
55	01-ekran-glowny	menu_media_controls	
56	01-ekran-glowny	menu_share_recorded_route	
57	01-ekran-glowny	accessibility_title	
58	01-ekran-glowny	accessibility_screen_reader_enabled	
59	01-ekran-glowny	text_field_clear_text	
60	01-ekran-glowny	fab_add_item	
61	01-ekran-glowny	fab_add_route	
62	01-ekran-glowny	home_screen_title	
63	01-ekran-glowny	menu_advanced_markers_and_routes_clear_all_success	
64	01-ekran-glowny	menu_open_source_licenses	
65	01-ekran-glowny	menu_audio_tutorial	
66	01-ekran-glowny	menu_audio_tutorial_cancel	
67	01-ekran-glowny	loading_indicator_content_description	
68	01-ekran-glowny	menu_exit_app	
69	01-ekran-glowny	menu_manage_locale	
70	01-ekran-glowny	talkback_double_tap_template	
71	01-ekran-glowny	ui_action_button_my_location	
72	01-ekran-glowny	ui_action_button_nearby_markers	
73	01-ekran-glowny	ui_action_button_around_me	
74	01-ekran-glowny	ui_action_button_ahead_of_me	
75	01-ekran-glowny	battery_optimization_message	
76	01-ekran-glowny	accessibility_screen_reader_disabled	
77	02-ustawienia	settings_screen_title	
78	02-ustawienia	settings_explanation	
79	02-ustawienia	settings_about_app	
80	02-ustawienia	settings_section_units	
81	02-ustawienia	settings_section_units_description	
82	02-ustawienia	settings_units_imperial	
83	02-ustawienia	settings_units_metric	
84	02-ustawienia	settings_section_search	
85	02-ustawienia	settings_section_search_network	
86	02-ustawienia	settings_section_search_network_description	
87	02-ustawienia	settings_search_online	
88	02-ustawienia	settings_search_offline	
89	02-ustawienia	settings_search_auto	
90	02-ustawienia	settings_relative_directions_text	
91	02-ustawienia	settings_relative_directions_description	
92	02-ustawienia	settings_relative_directions_clockface	
93	02-ustawienia	settings_relative_directions_degrees	
94	02-ustawienia	settings_relative_directions_left_right	
95	02-ustawienia	settings_collapse_section	
96	02-ustawienia	settings_expand_section	
97	02-ustawienia	settings_collapsed	
98	02-ustawienia	settings_expanded	
99	02-ustawienia	preview_title	
100	02-ustawienia	preview_go_title	
101	02-ustawienia	preview_go_hint	
102	02-ustawienia	preview_go_nearest_intersection	
103	02-ustawienia	preview_include_unnamed_roads_title	
104	02-ustawienia	preview_include_unnamed_roads_title_description	
105	02-ustawienia	filter_all	
106	02-ustawienia	all_places_nearby_description	
107	02-ustawienia	public_transit_places_nearby_description	
108	02-ustawienia	food_drink_places_nearby_description	
109	02-ustawienia	groceries_places_nearby_description	
110	02-ustawienia	banks_places_nearby_description	
111	02-ustawienia	places_nearby_selection_description	
112	02-ustawienia	filter_transit	
113	02-ustawienia	filter_food_drink	
114	02-ustawienia	filter_groceries	
115	02-ustawienia	filter_banks	
116	02-ustawienia	advanced_markers_and_routes_description	
117	02-ustawienia	behavior_experiences_route_nav_title	
118	02-ustawienia	behavior_scavenger_hunt_callout_next_flag	
119	02-ustawienia	behavior_scavenger_hunt_callout_next_flag_short_route	
120	02-ustawienia	settings_help_section_beacons_and_pois	
121	02-ustawienia	settings_help_section_home_screen_buttons	
122	02-ustawienia	settings_section_media_controls	
123	02-ustawienia	settings_section_media_controls_description	
124	02-ustawienia	settings_media_controls_original	
125	02-ustawienia	settings_media_controls_voice_command	
126	02-ustawienia	settings_media_controls_audio_menu	
127	02-ustawienia	settings_voice_command_listening_prompt	
128	02-ustawienia	settings_voice_command_listening_prompt_description	
129	02-ustawienia	settings_voice_command_microphone	
130	02-ustawienia	settings_voice_command_microphone_description	
131	02-ustawienia	settings_theme_light_dark	
132	02-ustawienia	settings_theme_auto	
133	02-ustawienia	settings_theme_is_light	
134	02-ustawienia	settings_theme_light	
135	02-ustawienia	settings_theme_dark	
136	02-ustawienia	settings_theme_contrast	
137	02-ustawienia	settings_theme_contrast_regular	
138	02-ustawienia	settings_theme_contrast_medium	
139	02-ustawienia	settings_theme_contrast_high	
140	02-ustawienia	settings_list_item_description	
141	02-ustawienia	settings_keep_value	
142	02-ustawienia	settings_use_value	
143	02-ustawienia	settings_travel_recording	
144	02-ustawienia	settings_mix_audio	
145	02-ustawienia	settings_mix_audio_description	
146	02-ustawienia	settings_head_tracking	
147	02-ustawienia	settings_show_map	
148	02-ustawienia	settings_debug_heading	
149	02-ustawienia	settings_search_results_language	
150	02-ustawienia	offline_maps_title	
151	02-ustawienia	offline_map_details_title	
152	02-ustawienia	offline_maps_loading	
153	02-ustawienia	offline_maps_downloading	
154	02-ustawienia	offline_maps_caching	
155	02-ustawienia	offline_maps_free_space	
156	02-ustawienia	offline_maps_storage	
157	02-ustawienia	offline_maps_already_downloaded	
158	02-ustawienia	offline_maps_extract_damaged	
159	02-ustawienia	offline_maps_nearby	
160	02-ustawienia	offline_maps_loading_manifest	
161	02-ustawienia	offline_maps_manifest_failed	
162	02-ustawienia	offline_map_details_delete	
163	02-ustawienia	offline_map_details_download	
164	02-ustawienia	offline_map_details_size_on_phone	
165	02-ustawienia	offline_map_details_size_on_server	
166	02-ustawienia	offline_map_details_name	
167	02-ustawienia	offline_map_details_city_list	
168	02-ustawienia	offline_map_details_alternate_city_list	
169	02-ustawienia	offline_map_storage_title	
170	02-ustawienia	offline_map_wifi_only	
171	02-ustawienia	offline_map_download_complete	
172	02-ustawienia	offline_map_download_cancelled	
173	02-ustawienia	offline_map_download_error	
174	02-ustawienia	settings_reset_button	
175	02-ustawienia	settings_reset_button_hint	
176	02-ustawienia	settings_reset_dialog_title	
177	02-ustawienia	settings_reset_dialog_message	
178	02-ustawienia	advanced_markers_and_routes_export_button	
179	02-ustawienia	advanced_markers_and_routes_import_button	
180	02-ustawienia	advanced_markers_and_routes_export	
181	02-ustawienia	advanced_markers_and_routes_clear_all_button	
182	02-ustawienia	advanced_markers_and_routes_clear_all_alert_message	
183	02-ustawienia	offline_map_details_update	
184	02-ustawienia	settings_head_tracking_description	
185	02-ustawienia	settings_search_results_language_description	
186	02-ustawienia	offline_map_storage_description	
187	03-znaczniki-i-trasy	beacon_settings_style	
188	03-znaczniki-i-trasy	beacon_settings_style_description	
189	03-znaczniki-i-trasy	beacon_styles_current	
190	03-znaczniki-i-trasy	beacon_styles_original	
191	03-znaczniki-i-trasy	beacon_styles_flare	
192	03-znaczniki-i-trasy	beacon_styles_shimmer	
193	03-znaczniki-i-trasy	beacon_styles_tactile	
194	03-znaczniki-i-trasy	beacon_styles_ping	
195	03-znaczniki-i-trasy	beacon_styles_drop	
196	03-znaczniki-i-trasy	beacon_styles_signal	
197	03-znaczniki-i-trasy	beacon_styles_signal_slow	
198	03-znaczniki-i-trasy	beacon_styles_signal_very_slow	
199	03-znaczniki-i-trasy	beacon_styles_mallet	
200	03-znaczniki-i-trasy	beacon_styles_mallet_slow	
201	03-znaczniki-i-trasy	beacon_styles_mallet_very_slow	
202	03-znaczniki-i-trasy	beacon_audio_beacon	
203	03-znaczniki-i-trasy	beacon_action_mute_beacon	
204	03-znaczniki-i-trasy	beacon_action_mute_beacon_acc_hint	
205	03-znaczniki-i-trasy	beacon_action_unmute_beacon	
206	03-znaczniki-i-trasy	beacon_action_unmute_beacon_acc_hint	
207	03-znaczniki-i-trasy	location_detail_title_default	
208	03-znaczniki-i-trasy	location_detail_action_beacon	
209	03-znaczniki-i-trasy	location_detail_action_beacon_from_markers	
210	03-znaczniki-i-trasy	location_detail_action_beacon_hint	
211	03-znaczniki-i-trasy	location_detail_action_save_hint	
212	03-znaczniki-i-trasy	location_detail_action_edit_hint	
213	03-znaczniki-i-trasy	location_detail_action_share_hint	
214	03-znaczniki-i-trasy	location_detail_action_preview_hint	
215	03-znaczniki-i-trasy	location_detail_add_waypoint_existing_hint	
216	03-znaczniki-i-trasy	location_detail_add_waypoint_new_hint	
217	03-znaczniki-i-trasy	location_detail_full_screen_hint	
218	03-znaczniki-i-trasy	location_detail_exit_full_screen_hint	
219	03-znaczniki-i-trasy	location_detail_full_screen_for_edit_hint	
220	03-znaczniki-i-trasy	location_detail_exit_full_screen_for_edit_hint	
221	03-znaczniki-i-trasy	route_detail_action_start_route	
222	03-znaczniki-i-trasy	route_detail_action_stop_route	
223	03-znaczniki-i-trasy	route_detail_action_edit	
224	03-znaczniki-i-trasy	route_detail_action_start_route_hint	
225	03-znaczniki-i-trasy	route_detail_action_start_route_reverse	
226	03-znaczniki-i-trasy	route_detail_action_start_route_reverse_hint	
227	03-znaczniki-i-trasy	route_reverse_name	
228	03-znaczniki-i-trasy	route_detail_action_start_route_disabled_hint	
229	03-znaczniki-i-trasy	route_detail_action_stop_route_hint	
230	03-znaczniki-i-trasy	route_detail_action_share_hint	
231	03-znaczniki-i-trasy	route_detail_action_edit_hint	
232	03-znaczniki-i-trasy	route_detail_action_create	
233	03-znaczniki-i-trasy	route_detail_action_create_hint	
234	03-znaczniki-i-trasy	route_end_completed_accessibility	
235	03-znaczniki-i-trasy	route_detail_action_previous	
236	03-znaczniki-i-trasy	route_detail_action_previous_hint	
237	03-znaczniki-i-trasy	route_detail_action_previous_disabled_hint	
238	03-znaczniki-i-trasy	route_detail_action_next	
239	03-znaczniki-i-trasy	route_detail_action_next_hint	
240	03-znaczniki-i-trasy	route_detail_action_next_disabled_hint	
241	03-znaczniki-i-trasy	route_detail_edit_description	
242	03-znaczniki-i-trasy	route_detail_edit_waypoints_button	
243	03-znaczniki-i-trasy	route_detail_edit_delete	
244	03-znaczniki-i-trasy	route_update_success_title	
245	03-znaczniki-i-trasy	waypoint_title	
246	03-znaczniki-i-trasy	route_not_found	
247	03-znaczniki-i-trasy	universal_links_alert_action_marker	
248	03-znaczniki-i-trasy	routes_title	
249	03-znaczniki-i-trasy	routes_action_deleted	
250	03-znaczniki-i-trasy	routes_no_routes_title	
251	03-znaczniki-i-trasy	routes_no_routes_hint_1	
252	03-znaczniki-i-trasy	markers_title	
253	03-znaczniki-i-trasy	markers_action_delete	
254	03-znaczniki-i-trasy	markers_sort_button_sort_by_name	
255	03-znaczniki-i-trasy	markers_no_markers_title	
256	03-znaczniki-i-trasy	markers_no_markers_hint_2	
257	03-znaczniki-i-trasy	markers_edit_screen_title_edit	
258	03-znaczniki-i-trasy	markers_generic_name	
259	03-znaczniki-i-trasy	markers_marker_with_name	
260	03-znaczniki-i-trasy	markers_marker_created	
261	03-znaczniki-i-trasy	markers_annotation	
262	03-znaczniki-i-trasy	marker_name_description_hint	
263	03-znaczniki-i-trasy	annotation_description_hint	
264	03-znaczniki-i-trasy	route_name_description_hint	
265	03-znaczniki-i-trasy	route_description_description_hint	
266	03-znaczniki-i-trasy	route_waypoint_progress	
267	03-znaczniki-i-trasy	route_beacon_progress	
268	03-znaczniki-i-trasy	markers_and_routes_import_success	
269	03-znaczniki-i-trasy	markers_and_routes_import_failure	
270	03-znaczniki-i-trasy	location_item_selected	
271	03-znaczniki-i-trasy	location_item_not_selected	
272	03-znaczniki-i-trasy	location_item_move_up	
273	03-znaczniki-i-trasy	location_item_move_down	
274	03-znaczniki-i-trasy	route_detail_edit_remove_waypoint_hint	
275	03-znaczniki-i-trasy	route_detail_edit_remove_waypoint_alert_message	
276	03-znaczniki-i-trasy	route_detail_edit_delete_alert_message	
277	03-znaczniki-i-trasy	markers_action_delete_alert_message	
278	03-znaczniki-i-trasy	markers_sort_name_ascending	
279	03-znaczniki-i-trasy	markers_sort_name_descending	
280	03-znaczniki-i-trasy	markers_sort_distance_ascending	
281	03-znaczniki-i-trasy	markers_sort_distance_descending	
282	03-znaczniki-i-trasy	markers_sort_action_name_ascending	
283	03-znaczniki-i-trasy	markers_sort_action_name_descending	
284	03-znaczniki-i-trasy	markers_sort_action_distance_ascending	
285	03-znaczniki-i-trasy	markers_sort_action_distance_descending	
286	03-znaczniki-i-trasy	universal_links_marker_share_message	
287	03-znaczniki-i-trasy	routes_no_routes_hint_2	
288	03-znaczniki-i-trasy	markers_no_markers_hint_1	
289	04-komunikaty-glosowe	voice_settings_speaking_rate	
290	04-komunikaty-glosowe	voice_engine	
291	04-komunikaty-glosowe	voice_voices	
292	04-komunikaty-glosowe	last_entry_in_list	
293	04-komunikaty-glosowe	intersections_places_nearby_description	
294	04-komunikaty-glosowe	callouts_panel_title	
295	04-komunikaty-glosowe	callouts_allow_callouts	
296	04-komunikaty-glosowe	callouts_allow_callouts_description	
297	04-komunikaty-glosowe	callouts_places_and_landmarks	
298	04-komunikaty-glosowe	callouts_places_and_landmarks_description	
299	04-komunikaty-glosowe	callouts_mobility	
300	04-komunikaty-glosowe	callouts_mobility_description	
301	04-komunikaty-glosowe	callouts_audio_beacon	
302	04-komunikaty-glosowe	callouts_audio_beacon_description	
303	04-komunikaty-glosowe	callouts_automatic_callouts	
304	04-komunikaty-glosowe	callouts_nothing_to_call_out_now	
305	04-komunikaty-glosowe	callouts_nearby_markers	
306	04-komunikaty-glosowe	callouts_no_nearby_markers	
307	04-komunikaty-glosowe	callout_settings_position_text	
308	04-komunikaty-glosowe	callout_settings_position_description	
309	04-komunikaty-glosowe	sleep_sleep	
310	04-komunikaty-glosowe	sleep_sleeping	
311	04-komunikaty-glosowe	sleep_sleep_acc_hint	
312	04-komunikaty-glosowe	sleep_wake_up_now	
313	04-komunikaty-glosowe	intersection_approaching_intersection	
314	04-komunikaty-glosowe	directions_at_poi	
315	04-komunikaty-glosowe	directions_my_location	
316	04-komunikaty-glosowe	directions_near_name	
317	04-komunikaty-glosowe	directions_name_goes_left	
318	04-komunikaty-glosowe	directions_name_goes_right	
319	04-komunikaty-glosowe	directions_name_continues_ahead	
320	04-komunikaty-glosowe	directions_direction_ahead	
321	04-komunikaty-glosowe	directions_near_road_and_settlement	
322	04-komunikaty-glosowe	directions_traveling_n	
323	04-komunikaty-glosowe	directions_traveling_ne	
324	04-komunikaty-glosowe	directions_traveling_e	
325	04-komunikaty-glosowe	directions_traveling_se	
326	04-komunikaty-glosowe	directions_traveling_s	
327	04-komunikaty-glosowe	directions_traveling_sw	
328	04-komunikaty-glosowe	directions_traveling_w	
329	04-komunikaty-glosowe	directions_traveling_nw	
330	04-komunikaty-glosowe	directions_facing_n	
331	04-komunikaty-glosowe	directions_facing_ne	
332	04-komunikaty-glosowe	directions_facing_e	
333	04-komunikaty-glosowe	directions_facing_se	
334	04-komunikaty-glosowe	directions_facing_s	
335	04-komunikaty-glosowe	directions_facing_sw	
336	04-komunikaty-glosowe	directions_facing_w	
337	04-komunikaty-glosowe	directions_facing_nw	
338	04-komunikaty-glosowe	directions_heading_n	
339	04-komunikaty-glosowe	directions_heading_ne	
340	04-komunikaty-glosowe	directions_heading_e	
341	04-komunikaty-glosowe	directions_heading_se	
342	04-komunikaty-glosowe	directions_heading_s	
343	04-komunikaty-glosowe	directions_heading_sw	
344	04-komunikaty-glosowe	directions_heading_w	
345	04-komunikaty-glosowe	directions_heading_nw	
346	04-komunikaty-glosowe	directions_along_traveling_n	
347	04-komunikaty-glosowe	directions_along_traveling_ne	
348	04-komunikaty-glosowe	directions_along_traveling_e	
349	04-komunikaty-glosowe	directions_along_traveling_se	
350	04-komunikaty-glosowe	directions_along_traveling_s	
351	04-komunikaty-glosowe	directions_along_traveling_sw	
352	04-komunikaty-glosowe	directions_along_traveling_w	
353	04-komunikaty-glosowe	directions_along_traveling_nw	
354	04-komunikaty-glosowe	directions_along_facing_n	
355	04-komunikaty-glosowe	directions_along_facing_ne	
356	04-komunikaty-glosowe	directions_along_facing_e	
357	04-komunikaty-glosowe	directions_along_facing_se	
358	04-komunikaty-glosowe	directions_along_facing_s	
359	04-komunikaty-glosowe	directions_along_facing_sw	
360	04-komunikaty-glosowe	directions_along_facing_w	
361	04-komunikaty-glosowe	directions_along_facing_nw	
362	04-komunikaty-glosowe	directions_along_heading_n	
363	04-komunikaty-glosowe	directions_along_heading_ne	
364	04-komunikaty-glosowe	directions_along_heading_e	
365	04-komunikaty-glosowe	directions_along_heading_se	
366	04-komunikaty-glosowe	directions_along_heading_s	
367	04-komunikaty-glosowe	directions_along_heading_sw	
368	04-komunikaty-glosowe	directions_along_heading_w	
369	04-komunikaty-glosowe	directions_along_heading_nw	
370	04-komunikaty-glosowe	directions_cardinal_north	
371	04-komunikaty-glosowe	directions_cardinal_north_east	
372	04-komunikaty-glosowe	directions_cardinal_east	
373	04-komunikaty-glosowe	directions_cardinal_south_east	
374	04-komunikaty-glosowe	directions_cardinal_south	
375	04-komunikaty-glosowe	directions_cardinal_south_west	
376	04-komunikaty-glosowe	directions_cardinal_west	
377	04-komunikaty-glosowe	directions_cardinal_north_west	
378	04-komunikaty-glosowe	directions_cardinal_north_abb	
379	04-komunikaty-glosowe	directions_cardinal_north_east_abb	
380	04-komunikaty-glosowe	directions_cardinal_east_abb	
381	04-komunikaty-glosowe	directions_cardinal_south_east_abb	
382	04-komunikaty-glosowe	directions_cardinal_south_abb	
383	04-komunikaty-glosowe	directions_cardinal_south_west_abb	
384	04-komunikaty-glosowe	directions_cardinal_west_abb	
385	04-komunikaty-glosowe	directions_cardinal_north_west_abb	
386	04-komunikaty-glosowe	number_decimal_separator	
387	04-komunikaty-glosowe	number_decimal_separator_a11y	
388	04-komunikaty-glosowe	bytes_format_b	
389	04-komunikaty-glosowe	bytes_format_b_a11y	
390	04-komunikaty-glosowe	bytes_format_kb	
391	04-komunikaty-glosowe	bytes_format_kb_a11y	
392	04-komunikaty-glosowe	bytes_format_mb	
393	04-komunikaty-glosowe	bytes_format_mb_a11y	
394	04-komunikaty-glosowe	bytes_format_gb	
395	04-komunikaty-glosowe	bytes_format_gb_a11y	
396	04-komunikaty-glosowe	bytes_format_tb	
397	04-komunikaty-glosowe	bytes_format_tb_a11y	
398	04-komunikaty-glosowe	street_preview_exit	
399	04-komunikaty-glosowe	confect_name_to_via	
400	04-komunikaty-glosowe	confect_name_to	
401	04-komunikaty-glosowe	confect_name_joins	
402	04-komunikaty-glosowe	confect_name_via	
403	04-komunikaty-glosowe	confect_name_pavement_next_to	
404	04-komunikaty-glosowe	confect_name_pavement	
405	04-komunikaty-glosowe	confect_name_dead_end	
406	04-komunikaty-glosowe	street_description_between	
407	04-komunikaty-glosowe	street_description_until	
408	04-komunikaty-glosowe	street_description_since	
409	04-komunikaty-glosowe	street_description_relative_before	
410	04-komunikaty-glosowe	street_description_relative_after	
411	04-komunikaty-glosowe	street_description_intersection	
412	04-komunikaty-glosowe	voice_cmd_help_response	
413	04-komunikaty-glosowe	voice_cmd_listening	
414	04-komunikaty-glosowe	voice_cmd_not_recognized	
415	04-komunikaty-glosowe	voice_cmd_list_routes	
416	04-komunikaty-glosowe	voice_cmd_routes_list	
417	04-komunikaty-glosowe	voice_cmd_list_markers	
418	04-komunikaty-glosowe	voice_cmd_markers_list	
419	04-komunikaty-glosowe	voice_cmd_no_routes	
420	04-komunikaty-glosowe	voice_cmd_no_markers	
421	04-komunikaty-glosowe	voice_cmd_route_not_found	
422	04-komunikaty-glosowe	voice_cmd_starting_route	
423	04-komunikaty-glosowe	voice_cmd_start_route	
424	04-komunikaty-glosowe	voice_cmd_start_beacon_at_marker_with_name	
425	04-komunikaty-glosowe	voice_cmd_starting_beacon_at_marker	
426	04-komunikaty-glosowe	voice_cmd_marker_not_found	
427	04-komunikaty-glosowe	voice_cmd_explain_dynamic_markers	
428	04-komunikaty-glosowe	voice_cmd_speech_recognition_error_network_timeout	
429	04-komunikaty-glosowe	voice_cmd_speech_recognition_error_network	
430	04-komunikaty-glosowe	voice_cmd_speech_recognition_error_audio	
431	04-komunikaty-glosowe	voice_cmd_speech_recognition_error_server	
432	04-komunikaty-glosowe	voice_cmd_speech_recognition_error_client	
433	04-komunikaty-glosowe	voice_cmd_speech_recognition_error_speech_timeout	
434	04-komunikaty-glosowe	voice_cmd_speech_recognition_not_match	
435	04-komunikaty-glosowe	voice_cmd_speech_recognition_busy	
436	04-komunikaty-glosowe	voice_cmd_speech_recognition_error_permissions	
437	04-komunikaty-glosowe	voice_cmd_speech_recognition_error_too_many_requests	
438	04-komunikaty-glosowe	voice_cmd_speech_recognition_error_server_disconnected	
439	04-komunikaty-glosowe	voice_cmd_speech_recognition_error_language_not_supported	
440	04-komunikaty-glosowe	voice_cmd_speech_recognition_error_language_unavailable	
441	04-komunikaty-glosowe	voice_cmd_speech_recognition_error_cannot_check_support	
442	04-komunikaty-glosowe	voice_cmd_speech_recognition_error_cannot_listen_to_download_events	
443	04-komunikaty-glosowe	voice_cmd_speech_recognition_error_unknown	
444	04-komunikaty-glosowe	voice_cmd_speech_recognition_error_unsupported	
445	04-komunikaty-glosowe	relative_clock_direction	
446	04-komunikaty-glosowe	relative_degrees_direction	
447	04-komunikaty-glosowe	relative_left_right_direction_ahead	
448	04-komunikaty-glosowe	relative_left_right_direction_ahead_left	
449	04-komunikaty-glosowe	relative_left_right_direction_ahead_right	
450	04-komunikaty-glosowe	relative_left_right_direction_left	
451	04-komunikaty-glosowe	relative_left_right_direction_right	
452	04-komunikaty-glosowe	relative_left_right_direction_behind_left	
453	04-komunikaty-glosowe	relative_left_right_direction_behind_right	
454	04-komunikaty-glosowe	relative_left_right_direction_behind	
455	04-komunikaty-glosowe	sleep_snoozing	
456	04-komunikaty-glosowe	sleep_wake_on_leave	
457	04-komunikaty-glosowe	directions_transit_stop_near_settlement	
458	04-komunikaty-glosowe	directions_transit_stop_near_poi	
459	04-komunikaty-glosowe	directions_transit_stop_street_locality	
460	04-komunikaty-glosowe	directions_transit_stop_street_locality_bound	
461	04-komunikaty-glosowe	directions_transit_stop_common_name_bound	
462	04-komunikaty-glosowe	directions_transit_stop_with_landmark	
463	04-komunikaty-glosowe	directions_junction_with_ref	
464	04-komunikaty-glosowe	directions_junction_with_ref_and_name	
465	04-komunikaty-glosowe	directions_on_road	
466	04-komunikaty-glosowe	directions_on_road_and_settlement	
467	04-komunikaty-glosowe	directions_on_road_at_junction	
468	04-komunikaty-glosowe	directions_at_junction_inline	
469	04-komunikaty-glosowe	directions_on_road_and_settlement_since	
470	04-komunikaty-glosowe	directions_towards_settlement	
471	04-komunikaty-glosowe	directions_away_from_settlement	
472	04-komunikaty-glosowe	directions_near_settlement_inline	
473	04-komunikaty-glosowe	directions_close_to_settlement_inline	
474	04-komunikaty-glosowe	directions_generic_train	
475	04-komunikaty-glosowe	directions_crossing_waterway	
476	04-komunikaty-glosowe	directions_crossing_railway_generic	
477	04-komunikaty-glosowe	directions_going_under_railway	
478	04-komunikaty-glosowe	directions_going_under_railway_generic	
479	04-komunikaty-glosowe	directions_cardinal_north_bound	
480	04-komunikaty-glosowe	directions_cardinal_north_east_bound	
481	04-komunikaty-glosowe	directions_cardinal_east_bound	
482	04-komunikaty-glosowe	directions_cardinal_south_east_bound	
483	04-komunikaty-glosowe	directions_cardinal_south_bound	
484	04-komunikaty-glosowe	directions_cardinal_south_west_bound	
485	04-komunikaty-glosowe	directions_cardinal_west_bound	
486	04-komunikaty-glosowe	directions_cardinal_north_west_bound	
487	04-komunikaty-glosowe	callouts_audio_beacon_distance	
488	04-komunikaty-glosowe	directions_street_settlement	
489	04-komunikaty-glosowe	confect_name_next_to	
490	04-komunikaty-glosowe	street_description_relative_near	
491	04-komunikaty-glosowe	directions_road_with_ref_and_name	
492	04-komunikaty-glosowe	directions_entering_tunnel	
493	04-komunikaty-glosowe	directions_entering_tunnel_named	
494	04-komunikaty-glosowe	action_route_started	
495	04-komunikaty-glosowe	action_route_stopped	
496	04-komunikaty-glosowe	action_beacon_started	
497	04-komunikaty-glosowe	action_beacon_stopped	
498	04-komunikaty-glosowe	action_no_such_route	
499	04-komunikaty-glosowe	action_no_such_marker	
500	04-komunikaty-glosowe	action_item_not_found	
501	04-komunikaty-glosowe	action_no_markers_saved	
502	04-komunikaty-glosowe	action_no_location	
503	04-komunikaty-glosowe	action_no_map_data	
504	04-komunikaty-glosowe	action_no_route_active	
505	04-komunikaty-glosowe	siri_type_callout	
506	04-komunikaty-glosowe	siri_type_route_command	
507	04-komunikaty-glosowe	siri_type_list	
508	04-komunikaty-glosowe	siri_param_command	
509	04-komunikaty-glosowe	siri_param_route	
510	04-komunikaty-glosowe	siri_choice_stop	
511	04-komunikaty-glosowe	siri_choice_commands	
512	04-komunikaty-glosowe	siri_title_control_route	
513	04-komunikaty-glosowe	siri_title_start_beacon	
514	04-komunikaty-glosowe	siri_title_stop_beacon	
515	04-komunikaty-glosowe	siri_short_surroundings	
516	04-komunikaty-glosowe	siri_short_beacon	
517	04-komunikaty-glosowe	siri_desc_surroundings	
518	04-komunikaty-glosowe	siri_desc_route_control	
519	04-komunikaty-glosowe	siri_desc_start_route	
520	04-komunikaty-glosowe	siri_desc_start_beacon	
521	04-komunikaty-glosowe	siri_desc_stop_beacon	
522	04-komunikaty-glosowe	siri_desc_list	
523	04-komunikaty-glosowe	siri_error_needs_app	
524	04-komunikaty-glosowe	siri_error_generic	
525	04-komunikaty-glosowe	action_at_route_start	
526	04-komunikaty-glosowe	action_at_route_end	
527	04-komunikaty-glosowe	action_no_other_waypoints	
528	04-komunikaty-glosowe	action_service_not_running	
529	04-komunikaty-glosowe	directions_approaching_name	
530	04-komunikaty-glosowe	directions_generic_tram	
531	04-komunikaty-glosowe	callouts_bus_and_tram_stops	
532	04-komunikaty-glosowe	callouts_bus_and_tram_stops_description	
533	04-komunikaty-glosowe	callouts_verbosity	new
534	04-komunikaty-glosowe	callouts_verbosity_level_silent	new
535	04-komunikaty-glosowe	callouts_verbosity_level_quiet	new
536	04-komunikaty-glosowe	callouts_verbosity_level_balanced	new
537	04-komunikaty-glosowe	callouts_verbosity_level_detailed	new
538	04-komunikaty-glosowe	callouts_verbosity_set	new
539	04-komunikaty-glosowe	callouts_streets_and_junctions	new
540	04-komunikaty-glosowe	callouts_streets_and_junctions_description	new
541	04-komunikaty-glosowe	callouts_places_to_call_out	new
542	04-komunikaty-glosowe	callouts_places_to_call_out_description	new
543	04-komunikaty-glosowe	callouts_places_everything	new
544	04-komunikaty-glosowe	callouts_places_landmarks	new
545	04-komunikaty-glosowe	callouts_places_nothing	new
546	04-komunikaty-glosowe	action_no_such_callout_detail	new
547	04-komunikaty-glosowe	siri_short_detail	new
548	04-komunikaty-glosowe	siri_param_level	new
549	04-komunikaty-glosowe	siri_desc_callout_detail	new
550	04-komunikaty-glosowe	sleep_sleeping_message	
551	04-komunikaty-glosowe	distance_format_meters	
552	04-komunikaty-glosowe	distance_format_km	
553	04-komunikaty-glosowe	distance_format_km_a11y	
554	04-komunikaty-glosowe	distance_format_feet	
555	04-komunikaty-glosowe	distance_format_miles	
556	04-komunikaty-glosowe	sleep_sleeping_wake_on_leave_message	
557	04-komunikaty-glosowe	callouts_verbosity_description	new
558	05-pomoc-i-faq	help_configuration_section_title	
559	05-pomoc-i-faq	help_offline_page_title	
560	05-pomoc-i-faq	help_offline_limitations_heading	
561	05-pomoc-i-faq	help_offline_troubleshooting_heading	
562	05-pomoc-i-faq	help_orient_page_title	
563	05-pomoc-i-faq	help_explore_page_title	
564	05-pomoc-i-faq	help_creating_markers_page_title	
565	05-pomoc-i-faq	help_edit_markers_page_title	
566	05-pomoc-i-faq	help_remote_page_title	
567	05-pomoc-i-faq	help_text_section_title_what	
568	05-pomoc-i-faq	help_text_section_title_when	
569	05-pomoc-i-faq	help_text_section_title_how	
570	05-pomoc-i-faq	terms_of_use_title	
571	05-pomoc-i-faq	terms_of_use_message	
572	05-pomoc-i-faq	terms_of_use_service_agreement	
573	05-pomoc-i-faq	terms_of_use_accept_checkbox_acc_label	
574	05-pomoc-i-faq	first_launch_soundscape_language	
575	05-pomoc-i-faq	first_launch_soundscape_language_text	
576	05-pomoc-i-faq	first_launch_welcome_title	
577	05-pomoc-i-faq	first_launch_welcome_description	
578	05-pomoc-i-faq	first_launch_welcome_button	
579	05-pomoc-i-faq	first_launch_headphones_title	
580	05-pomoc-i-faq	first_launch_headphones_message_1	
581	05-pomoc-i-faq	first_launch_headphones_message_2	
582	05-pomoc-i-faq	first_launch_callouts_title	
583	05-pomoc-i-faq	first_launch_callouts_listen	
584	05-pomoc-i-faq	first_launch_callouts_listen_accessibility_label	
585	05-pomoc-i-faq	first_launch_callouts_example_1	
586	05-pomoc-i-faq	first_launch_callouts_example_3	
587	05-pomoc-i-faq	first_launch_callouts_example_4	
588	05-pomoc-i-faq	first_launch_permissions_title	
589	05-pomoc-i-faq	first_launch_permissions_location	
590	05-pomoc-i-faq	first_launch_permissions_motion	
591	05-pomoc-i-faq	first_launch_permissions_required	
592	05-pomoc-i-faq	first_launch_beacon_title	
593	05-pomoc-i-faq	first_launch_beacon_message_2	
594	05-pomoc-i-faq	first_launch_beacon_message_3	
595	05-pomoc-i-faq	first_launch_prompt_title	
596	05-pomoc-i-faq	first_launch_prompt_button	
597	05-pomoc-i-faq	first_launch_change_language	
598	05-pomoc-i-faq	first_launch_change_language_hint	
599	05-pomoc-i-faq	help_text_my_location_when	
600	05-pomoc-i-faq	help_text_around_me_when	
601	05-pomoc-i-faq	help_text_ahead_of_me_when	
602	05-pomoc-i-faq	help_text_markers_content_1	
603	05-pomoc-i-faq	help_text_customizing_markers_content_2	
604	05-pomoc-i-faq	faq_title	
605	05-pomoc-i-faq	faq_title_abbreviated	
606	05-pomoc-i-faq	faq_tips_title	
607	05-pomoc-i-faq	faq_section_what_is_soundscape	
608	05-pomoc-i-faq	faq_when_to_use_soundscape_question	
609	05-pomoc-i-faq	faq_markers_function_question	
610	05-pomoc-i-faq	faq_section_getting_the_best_experience	
611	05-pomoc-i-faq	faq_what_can_I_set_question	
612	05-pomoc-i-faq	faq_how_to_use_beacon_question	
613	05-pomoc-i-faq	faq_why_does_beacon_disappear_question	
614	05-pomoc-i-faq	faq_beacon_on_address_question	
615	05-pomoc-i-faq	faq_beacon_on_home_question	
616	05-pomoc-i-faq	faq_how_close_to_destination_question	
617	05-pomoc-i-faq	faq_turn_beacon_back_on_question	
618	05-pomoc-i-faq	faq_road_names_question	
619	05-pomoc-i-faq	faq_why_not_every_business_question	
620	05-pomoc-i-faq	faq_callouts_stopping_in_vehicle_question	
621	05-pomoc-i-faq	faq_miss_a_callout_question	
622	05-pomoc-i-faq	faq_section_how_soundscape_works	
623	05-pomoc-i-faq	faq_supported_phones_question	
624	05-pomoc-i-faq	faq_supported_phones_answer	
625	05-pomoc-i-faq	faq_supported_headsets_question	
626	05-pomoc-i-faq	faq_battery_impact_question	
627	05-pomoc-i-faq	faq_sleep_mode_battery_question	
628	05-pomoc-i-faq	faq_snooze_mode_battery_question	
629	05-pomoc-i-faq	faq_headset_battery_impact_question	
630	05-pomoc-i-faq	faq_background_battery_impact_question	
631	05-pomoc-i-faq	faq_mobile_data_use_question	
632	05-pomoc-i-faq	faq_difference_from_map_apps_question	
633	05-pomoc-i-faq	faq_use_with_wayfinding_apps_question	
634	05-pomoc-i-faq	faq_controlling_what_you_hear_question	
635	05-pomoc-i-faq	faq_holding_phone_flat_question	
636	05-pomoc-i-faq	faq_what_is_osm_question	
637	05-pomoc-i-faq	faq_tip_finding_bus_stops	
638	05-pomoc-i-faq	faq_tip_hold_phone_flat	
639	05-pomoc-i-faq	first_launch_permissions_notification	
640	05-pomoc-i-faq	first_launch_permissions_record_audio	
641	05-pomoc-i-faq	first_launch_permissions_required_for_voice_control	
642	05-pomoc-i-faq	new_version_info_text	
643	05-pomoc-i-faq	new_version_info_completed	
644	05-pomoc-i-faq	copyright_notices	
645	05-pomoc-i-faq	openmaptiles_copyright	
646	05-pomoc-i-faq	tour_select_place	
647	05-pomoc-i-faq	tour_create_marker_done	
648	05-pomoc-i-faq	tour_around_me	
649	05-pomoc-i-faq	tour_ahead	
650	05-pomoc-i-faq	tour_stop_beacon	
651	05-pomoc-i-faq	tour_finish	
652	05-pomoc-i-faq	tour_cancel	
653	05-pomoc-i-faq	tour_continue_button	
654	05-pomoc-i-faq	tour_continue_hint	
655	05-pomoc-i-faq	first_launch_permissions_granted	
656	05-pomoc-i-faq	first_launch_permissions_not_granted	
657	05-pomoc-i-faq	help_assistant_page_title	
658	05-pomoc-i-faq	legacy_migration_title	
659	05-pomoc-i-faq	legacy_migration_description	
660	05-pomoc-i-faq	legacy_migration_progress	
661	05-pomoc-i-faq	legacy_migration_complete	
662	05-pomoc-i-faq	legacy_migration_try_again	
663	05-pomoc-i-faq	legacy_migration_not_now	
664	05-pomoc-i-faq	legacy_migration_continue	
665	05-pomoc-i-faq	ios_permission_location_when_in_use	
666	05-pomoc-i-faq	ios_permission_location_always	
667	05-pomoc-i-faq	ios_permission_motion	
668	05-pomoc-i-faq	ios_permission_bluetooth	
669	05-pomoc-i-faq	new_version_info_release_notes	new
670	05-pomoc-i-faq	help_config_voices_content	
671	05-pomoc-i-faq	help_config_voices_content_ios	
672	05-pomoc-i-faq	help_offline_description	
673	05-pomoc-i-faq	help_offline_limitations_description	
674	05-pomoc-i-faq	help_offline_troubleshooting_description	
675	05-pomoc-i-faq	terms_of_use_medical_safety_disclaimer	
676	05-pomoc-i-faq	first_launch_callouts_message	
677	05-pomoc-i-faq	first_launch_permissions_message	
678	05-pomoc-i-faq	first_launch_beacon_message_1	
679	05-pomoc-i-faq	first_launch_prompt_message	
680	05-pomoc-i-faq	help_text_destination_beacons_what	
681	05-pomoc-i-faq	help_text_destination_beacons_when	
682	05-pomoc-i-faq	help_text_destination_beacons_how_1	
683	05-pomoc-i-faq	help_text_destination_beacons_how_2	
684	05-pomoc-i-faq	help_text_destination_beacons_how_3	
685	05-pomoc-i-faq	help_text_automatic_callouts_what	
686	05-pomoc-i-faq	help_text_automatic_callouts_when_1	
687	05-pomoc-i-faq	help_text_automatic_callouts_when_2	
688	05-pomoc-i-faq	help_text_automatic_callouts_when_3	
689	05-pomoc-i-faq	help_text_my_location_what	
690	05-pomoc-i-faq	help_text_my_location_how	
691	05-pomoc-i-faq	help_text_nearby_markers_what	
692	05-pomoc-i-faq	help_text_nearby_markers_when	
693	05-pomoc-i-faq	help_text_nearby_markers_how	
694	05-pomoc-i-faq	help_text_around_me_what	
695	05-pomoc-i-faq	help_text_around_me_how	
696	05-pomoc-i-faq	help_text_ahead_of_me_what	
697	05-pomoc-i-faq	help_text_ahead_of_me_how	
698	05-pomoc-i-faq	help_text_remote_control_what	
699	05-pomoc-i-faq	help_text_remote_control_when	
700	05-pomoc-i-faq	help_text_markers_content_2	
701	05-pomoc-i-faq	help_text_markers_content_3	
702	05-pomoc-i-faq	help_text_creating_markers_content_1	
703	05-pomoc-i-faq	help_text_creating_markers_content_2	
704	05-pomoc-i-faq	help_text_customizing_markers_content_1	
705	05-pomoc-i-faq	help_text_routes_content_what	
706	05-pomoc-i-faq	help_text_routes_content_when	
707	05-pomoc-i-faq	help_text_routes_content_how_1	
708	05-pomoc-i-faq	help_text_routes_content_how_2	
709	05-pomoc-i-faq	help_text_routes_content_how_3	
710	05-pomoc-i-faq	faq_when_to_use_soundscape_answer	
711	05-pomoc-i-faq	faq_markers_function_answer	
712	05-pomoc-i-faq	faq_what_can_I_set_answer	
713	05-pomoc-i-faq	faq_how_to_use_beacon_answer	
714	05-pomoc-i-faq	faq_why_does_beacon_disappear_answer	
715	05-pomoc-i-faq	faq_beacon_on_address_answer	
716	05-pomoc-i-faq	faq_beacon_on_home_answer	
717	05-pomoc-i-faq	faq_how_close_to_destination_answer	
718	05-pomoc-i-faq	faq_turn_beacon_back_on_answer	
719	05-pomoc-i-faq	faq_road_names_answer	
720	05-pomoc-i-faq	faq_why_not_every_business_answer	
721	05-pomoc-i-faq	faq_callouts_stopping_in_vehicle_answer	
722	05-pomoc-i-faq	faq_miss_a_callout_answer	
723	05-pomoc-i-faq	faq_supported_headsets_answer	
724	05-pomoc-i-faq	faq_battery_impact_answer	
725	05-pomoc-i-faq	faq_sleep_mode_battery_answer	
726	05-pomoc-i-faq	faq_snooze_mode_battery_answer	
727	05-pomoc-i-faq	faq_headset_battery_impact_answer	
728	05-pomoc-i-faq	faq_background_battery_impact_answer	
729	05-pomoc-i-faq	faq_mobile_data_use_answer	
730	05-pomoc-i-faq	faq_difference_from_map_apps_answer	
731	05-pomoc-i-faq	faq_use_with_wayfinding_apps_answer	
732	05-pomoc-i-faq	faq_holding_phone_flat_answer	
733	05-pomoc-i-faq	faq_what_is_osm_answer	
734	05-pomoc-i-faq	faq_tip_beacon_quiet	
735	05-pomoc-i-faq	faq_tip_setting_beacon_on_address	
736	05-pomoc-i-faq	faq_tip_turning_beacon_off	
737	05-pomoc-i-faq	faq_tip_create_marker_at_bus_stop	
738	05-pomoc-i-faq	new_version_info_details	
739	05-pomoc-i-faq	about_soundscape	
740	05-pomoc-i-faq	steam_copyright	
741	05-pomoc-i-faq	trademark_disclaimer	
742	05-pomoc-i-faq	tour_welcome	
743	05-pomoc-i-faq	tour_create_marker_started	
744	05-pomoc-i-faq	tour_my_location	
745	05-pomoc-i-faq	tour_nearby_markers	
746	05-pomoc-i-faq	tour_markers_and_routes	
747	05-pomoc-i-faq	tour_markers	
748	05-pomoc-i-faq	tour_start_beacon	
749	05-pomoc-i-faq	tour_beacon_demo	
750	05-pomoc-i-faq	tour_beacon_demo_locked	
751	05-pomoc-i-faq	oboe_copyright	
752	05-pomoc-i-faq	help_text_assistant_what	
753	05-pomoc-i-faq	help_text_assistant_what_ios	
754	05-pomoc-i-faq	help_text_assistant_when	
755	05-pomoc-i-faq	help_text_assistant_how	
756	05-pomoc-i-faq	help_text_assistant_notes	
757	05-pomoc-i-faq	help_text_assistant_notes_ios	
758	05-pomoc-i-faq	legacy_migration_needs_map_data	
759	05-pomoc-i-faq	legacy_migration_failed	
760	05-pomoc-i-faq	help_text_automatic_callouts_how_1	new
761	05-pomoc-i-faq	help_text_automatic_callouts_how_2	new
762	05-pomoc-i-faq	help_text_remote_control_how	new
763	05-pomoc-i-faq	faq_controlling_what_you_hear_answer	new
764	05-pomoc-i-faq	faq_tip_turning_off_auto_callouts	new
765	05-pomoc-i-faq	help_text_assistant_how_ios	new
766	05-pomoc-i-faq	help_text_assistant_commands	new
767	05-pomoc-i-faq	help_text_assistant_commands_ios	new
768	06-nazwy-miejsc	osm_entrance_with_destination	
769	06-nazwy-miejsc	osm_entrance_named_with_destination	
770	06-nazwy-miejsc	osm_tag_ferry_terminal_named	
771	06-nazwy-miejsc	osm_ferry_terminal_named	
772	06-nazwy-miejsc	osm_subway_named	
773	06-nazwy-miejsc	osm_train_station_named	
774	06-nazwy-miejsc	osm_9pin	
775	06-nazwy-miejsc	osm_access_point	
776	06-nazwy-miejsc	osm_accountant	
777	06-nazwy-miejsc	osm_adoption_agency	
778	06-nazwy-miejsc	osm_advertising_agency	
779	06-nazwy-miejsc	osm_aerodrome	
780	06-nazwy-miejsc	osm_aikido	
781	06-nazwy-miejsc	osm_aircraft	
782	06-nazwy-miejsc	osm_apron	
783	06-nazwy-miejsc	osm_airfield	
784	06-nazwy-miejsc	osm_airport	
785	06-nazwy-miejsc	osm_alcohol	
786	06-nazwy-miejsc	osm_alpine_hut	
787	06-nazwy-miejsc	osm_ambulance_station	
788	06-nazwy-miejsc	osm_american_football	
789	06-nazwy-miejsc	osm_ammunition	
790	06-nazwy-miejsc	osm_amusement_arcade	
791	06-nazwy-miejsc	osm_animal_boarding	
792	06-nazwy-miejsc	osm_animal_shelter	
793	06-nazwy-miejsc	osm_anime	
794	06-nazwy-miejsc	osm_antiques	
795	06-nazwy-miejsc	osm_apartment	
796	06-nazwy-miejsc	osm_apartments	
797	06-nazwy-miejsc	osm_archaeological_site	
798	06-nazwy-miejsc	osm_archery	
799	06-nazwy-miejsc	osm_architect	
800	06-nazwy-miejsc	osm_art	
801	06-nazwy-miejsc	osm_arts_centre	
802	06-nazwy-miejsc	osm_artwork	
803	06-nazwy-miejsc	osm_assembly_point	
804	06-nazwy-miejsc	osm_association	
805	06-nazwy-miejsc	osm_athletics	
806	06-nazwy-miejsc	osm_atm	
807	06-nazwy-miejsc	osm_attraction	
808	06-nazwy-miejsc	osm_hifi	
809	06-nazwy-miejsc	osm_australian_football	
810	06-nazwy-miejsc	osm_baby_goods	
811	06-nazwy-miejsc	osm_baby_hatch	
812	06-nazwy-miejsc	osm_badminton	
813	06-nazwy-miejsc	osm_bag	
814	06-nazwy-miejsc	osm_bakery	
815	06-nazwy-miejsc	osm_bandstand	
816	06-nazwy-miejsc	osm_bandy	
817	06-nazwy-miejsc	osm_bank	
818	06-nazwy-miejsc	osm_bar	
819	06-nazwy-miejsc	osm_barn	
820	06-nazwy-miejsc	osm_barracks	
821	06-nazwy-miejsc	osm_baseball	
822	06-nazwy-miejsc	osm_basket_maker	
823	06-nazwy-miejsc	osm_basketball	
824	06-nazwy-miejsc	osm_bathroom_furnishing	
825	06-nazwy-miejsc	osm_battlefield	
826	06-nazwy-miejsc	osm_bay	
827	06-nazwy-miejsc	osm_bbq	
828	06-nazwy-miejsc	osm_beach	
829	06-nazwy-miejsc	osm_beach_resort	
830	06-nazwy-miejsc	osm_beachvolleyball	
831	06-nazwy-miejsc	osm_beacon	
832	06-nazwy-miejsc	osm_beauty	
833	06-nazwy-miejsc	osm_bed	
834	06-nazwy-miejsc	osm_beekeeper	
835	06-nazwy-miejsc	osm_biergarten	
836	06-nazwy-miejsc	osm_campanile	
837	06-nazwy-miejsc	osm_bench	
838	06-nazwy-miejsc	osm_bookmaker	
839	06-nazwy-miejsc	osm_beverages	
840	06-nazwy-miejsc	osm_bicycle_parking	
841	06-nazwy-miejsc	osm_bicycle_path	
842	06-nazwy-miejsc	osm_bicycle_rental	
843	06-nazwy-miejsc	osm_bicycle_repair_station	
844	06-nazwy-miejsc	osm_bicycle	
845	06-nazwy-miejsc	osm_bike_parking	
846	06-nazwy-miejsc	osm_billiards	
847	06-nazwy-miejsc	osm_bird_hide	
848	06-nazwy-miejsc	osm_blacksmith	
849	06-nazwy-miejsc	osm_block	
850	06-nazwy-miejsc	osm_blood_donation	
851	06-nazwy-miejsc	osm_bmx	
852	06-nazwy-miejsc	osm_boatbuilder	
853	06-nazwy-miejsc	osm_slipway	
854	06-nazwy-miejsc	osm_boat_sharing	
855	06-nazwy-miejsc	osm_boatyard	
856	06-nazwy-miejsc	osm_bobsleigh	
857	06-nazwy-miejsc	osm_bollard	
858	06-nazwy-miejsc	osm_books	
859	06-nazwy-miejsc	osm_book_store	
860	06-nazwy-miejsc	osm_bookbinder	
861	06-nazwy-miejsc	osm_boules	
862	06-nazwy-miejsc	osm_boundary_stone	
863	06-nazwy-miejsc	osm_boutique	
864	06-nazwy-miejsc	osm_bowls	
865	06-nazwy-miejsc	osm_boxing	
866	06-nazwy-miejsc	osm_brewery	
867	06-nazwy-miejsc	osm_brewing_supplies	
868	06-nazwy-miejsc	osm_bridge	
869	06-nazwy-miejsc	osm_brothel	
870	06-nazwy-miejsc	osm_builder	
871	06-nazwy-miejsc	osm_building	
872	06-nazwy-miejsc	osm_building_entrance	
873	06-nazwy-miejsc	osm_bungalow	
874	06-nazwy-miejsc	osm_bunker	
875	06-nazwy-miejsc	osm_bunker_silo	
876	06-nazwy-miejsc	osm_bureau_de_change	
877	06-nazwy-miejsc	osm_bus_guideway	
878	06-nazwy-miejsc	osm_bus_station	
879	06-nazwy-miejsc	osm_bus_stop	
880	06-nazwy-miejsc	osm_bus_stop_named	
881	06-nazwy-miejsc	osm_busway	
882	06-nazwy-miejsc	osm_butcher	
883	06-nazwy-miejsc	osm_cabin	
884	06-nazwy-miejsc	osm_cafe	
885	06-nazwy-miejsc	osm_camp_site	
886	06-nazwy-miejsc	osm_canadian_football	
887	06-nazwy-miejsc	osm_candles	
888	06-nazwy-miejsc	osm_cannon	
889	06-nazwy-miejsc	osm_canoe	
890	06-nazwy-miejsc	osm_car	
891	06-nazwy-miejsc	osm_car_parts	
892	06-nazwy-miejsc	osm_car_rental	
893	06-nazwy-miejsc	osm_car_repair	
894	06-nazwy-miejsc	osm_car_sharing	
895	06-nazwy-miejsc	osm_car_wash	
896	06-nazwy-miejsc	osm_caravan_site	
897	06-nazwy-miejsc	osm_carpenter	
898	06-nazwy-miejsc	osm_carpet_layer	
899	06-nazwy-miejsc	osm_carpet	
900	06-nazwy-miejsc	osm_casino	
901	06-nazwy-miejsc	osm_castle	
902	06-nazwy-miejsc	osm_caterer	
903	06-nazwy-miejsc	osm_cathedral	
904	06-nazwy-miejsc	osm_cattle_grid	
905	06-nazwy-miejsc	osm_cave_entrance	
906	06-nazwy-miejsc	osm_chain	
907	06-nazwy-miejsc	osm_chalet	
908	06-nazwy-miejsc	osm_chapel	
909	06-nazwy-miejsc	osm_charging_station	
910	06-nazwy-miejsc	osm_foundation	
911	06-nazwy-miejsc	osm_charity	
912	06-nazwy-miejsc	osm_checkpoint	
913	06-nazwy-miejsc	osm_cheese	
914	06-nazwy-miejsc	osm_chemist	
915	06-nazwy-miejsc	osm_chess	
916	06-nazwy-miejsc	osm_chimney_sweeper	
917	06-nazwy-miejsc	osm_chocolate	
918	06-nazwy-miejsc	osm_church	
919	06-nazwy-miejsc	osm_cinema	
920	06-nazwy-miejsc	osm_city	
921	06-nazwy-miejsc	osm_city_gate	
922	06-nazwy-miejsc	osm_civic	
923	06-nazwy-miejsc	osm_cliff	
924	06-nazwy-miejsc	osm_cliff_diving	
925	06-nazwy-miejsc	osm_climbing_adventure	
926	06-nazwy-miejsc	osm_climbing	
927	06-nazwy-miejsc	osm_clinic	
928	06-nazwy-miejsc	osm_clock	
929	06-nazwy-miejsc	osm_clockmaker	
930	06-nazwy-miejsc	osm_clothing_store	
931	06-nazwy-miejsc	osm_clothes	
932	06-nazwy-miejsc	osm_cockfighting	
933	06-nazwy-miejsc	osm_coffee	
934	06-nazwy-miejsc	osm_coffee_shop	
935	06-nazwy-miejsc	osm_college	
936	06-nazwy-miejsc	osm_commercial	
937	06-nazwy-miejsc	osm_communications_tower	
938	06-nazwy-miejsc	osm_community_centre	
939	06-nazwy-miejsc	osm_company	
940	06-nazwy-miejsc	osm_computer	
941	06-nazwy-miejsc	osm_confectionery	
942	06-nazwy-miejsc	osm_conference_centre	
943	06-nazwy-miejsc	osm_construction	
944	06-nazwy-miejsc	osm_construction_site	
945	06-nazwy-miejsc	osm_contact_line	
946	06-nazwy-miejsc	osm_convenience	
947	06-nazwy-miejsc	osm_convenience_store	
948	06-nazwy-miejsc	osm_copyshop	
949	06-nazwy-miejsc	osm_cosmetics	
950	06-nazwy-miejsc	osm_courthouse	
951	06-nazwy-miejsc	osm_covered_pavilion	
952	06-nazwy-miejsc	osm_coworking_space	
953	06-nazwy-miejsc	osm_cowshed	
954	06-nazwy-miejsc	osm_craft	
955	06-nazwy-miejsc	osm_crane	
956	06-nazwy-miejsc	osm_crematorium	
957	06-nazwy-miejsc	osm_cricket	
958	06-nazwy-miejsc	osm_cricket_nets	
959	06-nazwy-miejsc	osm_croquet	
960	06-nazwy-miejsc	osm_cross	
961	06-nazwy-miejsc	osm_crossing	
962	06-nazwy-miejsc	osm_crypt	
963	06-nazwy-miejsc	osm_curling	
964	06-nazwy-miejsc	osm_curtain	
965	06-nazwy-miejsc	osm_customer_service	
966	06-nazwy-miejsc	osm_cycle_barrier	
967	06-nazwy-miejsc	osm_cycling	
968	06-nazwy-miejsc	osm_dairy	
969	06-nazwy-miejsc	osm_dam	
970	06-nazwy-miejsc	osm_dance	
971	06-nazwy-miejsc	osm_danger_area	
972	06-nazwy-miejsc	osm_dangerous_area	
973	06-nazwy-miejsc	osm_darts	
974	06-nazwy-miejsc	osm_debris	
975	06-nazwy-miejsc	osm_defibrillator	
976	06-nazwy-miejsc	osm_defined	
977	06-nazwy-miejsc	osm_deli	
978	06-nazwy-miejsc	osm_dentist	
979	06-nazwy-miejsc	osm_department_store	
980	06-nazwy-miejsc	osm_detached	
981	06-nazwy-miejsc	osm_distillery	
982	06-nazwy-miejsc	osm_dive_centre	
983	06-nazwy-miejsc	osm_diving	
984	06-nazwy-miejsc	osm_doityourself	
985	06-nazwy-miejsc	osm_dock	
986	06-nazwy-miejsc	osm_doctors	
987	06-nazwy-miejsc	osm_dog_park	
988	06-nazwy-miejsc	osm_dog_racing	
989	06-nazwy-miejsc	osm_dojo	
990	06-nazwy-miejsc	osm_dormitory	
991	06-nazwy-miejsc	osm_dressmaker	
992	06-nazwy-miejsc	osm_drinking_water	
993	06-nazwy-miejsc	osm_driving_school	
994	06-nazwy-miejsc	osm_drugstore	
995	06-nazwy-miejsc	osm_dry_cleaning	
996	06-nazwy-miejsc	osm_dyke	
997	06-nazwy-miejsc	osm_e_cigarette	
998	06-nazwy-miejsc	osm_educational_institution	
999	06-nazwy-miejsc	osm_electrical	
1000	06-nazwy-miejsc	osm_electrician	
1001	06-nazwy-miejsc	osm_electronics	
1002	06-nazwy-miejsc	osm_consumer_electronics_store	
1003	06-nazwy-miejsc	osm_elevator	
1004	06-nazwy-miejsc	osm_embassy	
1005	06-nazwy-miejsc	osm_ses_station	
1006	06-nazwy-miejsc	osm_employment_agency	
1007	06-nazwy-miejsc	osm_energy	
1008	06-nazwy-miejsc	osm_entrance	
1009	06-nazwy-miejsc	osm_erotic	
1010	06-nazwy-miejsc	osm_escalator	
1011	06-nazwy-miejsc	osm_estate_agent	
1012	06-nazwy-miejsc	osm_ev_charging	
1013	06-nazwy-miejsc	osm_events_venue	
1014	06-nazwy-miejsc	osm_fabric	
1015	06-nazwy-miejsc	osm_farm	
1016	06-nazwy-miejsc	osm_farm_auxiliary	
1017	06-nazwy-miejsc	osm_fashion	
1018	06-nazwy-miejsc	osm_fast_food	
1019	06-nazwy-miejsc	osm_fencing	
1020	06-nazwy-miejsc	osm_ferry	
1021	06-nazwy-miejsc	osm_tag_ferry_terminal	
1022	06-nazwy-miejsc	osm_ferry_terminal	
1023	06-nazwy-miejsc	osm_field_hockey	
1024	06-nazwy-miejsc	osm_fire_extinguisher	
1025	06-nazwy-miejsc	osm_fire_flapper	
1026	06-nazwy-miejsc	osm_fire_hose	
1027	06-nazwy-miejsc	osm_firepit	
1028	06-nazwy-miejsc	osm_fire_station	
1029	06-nazwy-miejsc	osm_fireplace	
1030	06-nazwy-miejsc	osm_pyrotechnics	
1031	06-nazwy-miejsc	osm_range	
1032	06-nazwy-miejsc	osm_fishing	
1033	06-nazwy-miejsc	osm_fitness_centre	
1034	06-nazwy-miejsc	osm_flagpole	
1035	06-nazwy-miejsc	osm_floorer	
1036	06-nazwy-miejsc	osm_florist	
1037	06-nazwy-miejsc	osm_food_court	
1038	06-nazwy-miejsc	osm_food	
1039	06-nazwy-miejsc	osm_football	
1040	06-nazwy-miejsc	osm_forestry	
1041	06-nazwy-miejsc	osm_fort	
1042	06-nazwy-miejsc	osm_fountain	
1043	06-nazwy-miejsc	osm_frame	
1044	06-nazwy-miejsc	osm_free_flying	
1045	06-nazwy-miejsc	osm_fuel	
1046	06-nazwy-miejsc	osm_full_height_turnstile	
1047	06-nazwy-miejsc	osm_funeral_directors	
1048	06-nazwy-miejsc	osm_furniture	
1049	06-nazwy-miejsc	osm_gaelic_games	
1050	06-nazwy-miejsc	osm_gallery	
1051	06-nazwy-miejsc	osm_gallows	
1052	06-nazwy-miejsc	osm_adult_gaming_centre	
1053	06-nazwy-miejsc	osm_gambling	
1054	06-nazwy-miejsc	osm_game_feeding	
1055	06-nazwy-miejsc	osm_games	
1056	06-nazwy-miejsc	osm_garage	
1057	06-nazwy-miejsc	osm_garages	
1058	06-nazwy-miejsc	osm_garden	
1059	06-nazwy-miejsc	osm_garden_centre	
1060	06-nazwy-miejsc	osm_garden_furniture	
1061	06-nazwy-miejsc	osm_gardener	
1062	06-nazwy-miejsc	osm_gasometer	
1063	06-nazwy-miejsc	osm_gas_station	
1064	06-nazwy-miejsc	osm_gas	
1065	06-nazwy-miejsc	osm_gate	
1066	06-nazwy-miejsc	osm_general	
1067	06-nazwy-miejsc	osm_generator	
1068	06-nazwy-miejsc	osm_generic_hazard	
1069	06-nazwy-miejsc	osm_generic_info	
1070	06-nazwy-miejsc	osm_generic_object	
1071	06-nazwy-miejsc	osm_geyser	
1072	06-nazwy-miejsc	osm_gift	
1073	06-nazwy-miejsc	osm_glacier	
1074	06-nazwy-miejsc	osm_glaziery	
1075	06-nazwy-miejsc	osm_golf	
1076	06-nazwy-miejsc	osm_golf_course	
1077	06-nazwy-miejsc	osm_government	
1078	06-nazwy-miejsc	osm_grave_yard	
1079	06-nazwy-miejsc	osm_greengrocer	
1080	06-nazwy-miejsc	osm_greenhouse	
1081	06-nazwy-miejsc	osm_guest_house	
1082	06-nazwy-miejsc	osm_guide	
1083	06-nazwy-miejsc	osm_gym	
1084	06-nazwy-miejsc	osm_gymnastics	
1085	06-nazwy-miejsc	osm_hackerspace	
1086	06-nazwy-miejsc	osm_hair_dresser	
1087	06-nazwy-miejsc	osm_hairdresser	
1088	06-nazwy-miejsc	osm_hamlet	
1089	06-nazwy-miejsc	osm_hampshire_gate	
1090	06-nazwy-miejsc	osm_handball	
1091	06-nazwy-miejsc	osm_handicraft	
1092	06-nazwy-miejsc	osm_hangar	
1093	06-nazwy-miejsc	osm_hapkido	
1094	06-nazwy-miejsc	osm_hardware	
1095	06-nazwy-miejsc	osm_health_food	
1096	06-nazwy-miejsc	osm_hearing_aids	
1097	06-nazwy-miejsc	osm_hvac	
1098	06-nazwy-miejsc	osm_helipad	
1099	06-nazwy-miejsc	osm_heliport	
1100	06-nazwy-miejsc	osm_help_point	
1101	06-nazwy-miejsc	osm_herbalist	
1102	06-nazwy-miejsc	osm_highway	
1103	06-nazwy-miejsc	osm_highway_ramp	
1104	06-nazwy-miejsc	osm_historic_monument	
1105	06-nazwy-miejsc	osm_hockey	
1106	06-nazwy-miejsc	osm_horse_racing	
1107	06-nazwy-miejsc	osm_equestrian	
1108	06-nazwy-miejsc	osm_horse_stile	
1109	06-nazwy-miejsc	osm_horseshoes	
1110	06-nazwy-miejsc	osm_hospital	
1111	06-nazwy-miejsc	osm_hostel	
1112	06-nazwy-miejsc	osm_hot_spring	
1113	06-nazwy-miejsc	osm_hot_water_tank	
1114	06-nazwy-miejsc	osm_hotel	
1115	06-nazwy-miejsc	osm_house	
1116	06-nazwy-miejsc	osm_houseboat	
1117	06-nazwy-miejsc	osm_houseware	
1118	06-nazwy-miejsc	osm_hunting	
1119	06-nazwy-miejsc	osm_hunting_stand	
1120	06-nazwy-miejsc	osm_hut	
1121	06-nazwy-miejsc	osm_ice_cream	
1122	06-nazwy-miejsc	osm_ice_hockey	
1123	06-nazwy-miejsc	osm_ice_rink	
1124	06-nazwy-miejsc	osm_ice_skating	
1125	06-nazwy-miejsc	osm_ice_stock	
1126	06-nazwy-miejsc	osm_industrial	
1127	06-nazwy-miejsc	osm_plant	
1128	06-nazwy-miejsc	osm_works	
1129	06-nazwy-miejsc	osm_information	
1130	06-nazwy-miejsc	osm_information_point	
1131	06-nazwy-miejsc	osm_insulation	
1132	06-nazwy-miejsc	osm_insurance	
1133	06-nazwy-miejsc	osm_interior_decoration	
1134	06-nazwy-miejsc	osm_internet_cafe	
1135	06-nazwy-miejsc	osm_intersection	
1136	06-nazwy-miejsc	osm_it	
1137	06-nazwy-miejsc	osm_jersey_barrier	
1138	06-nazwy-miejsc	osm_jeweller	
1139	06-nazwy-miejsc	osm_jewelry	
1140	06-nazwy-miejsc	osm_judo	
1141	06-nazwy-miejsc	osm_karting	
1142	06-nazwy-miejsc	osm_kent_carriage_gap	
1143	06-nazwy-miejsc	osm_key_cutter	
1144	06-nazwy-miejsc	osm_kiln	
1145	06-nazwy-miejsc	osm_kindergarten	
1146	06-nazwy-miejsc	osm_kiosk	
1147	06-nazwy-miejsc	osm_kissing_gate	
1148	06-nazwy-miejsc	osm_kitchen	
1149	06-nazwy-miejsc	osm_kitesurfing	
1150	06-nazwy-miejsc	osm_kneipp_water_cure	
1151	06-nazwy-miejsc	osm_korfball	
1152	06-nazwy-miejsc	osm_lamps	
1153	06-nazwy-miejsc	osm_generic_landmark	
1154	06-nazwy-miejsc	osm_language_school	
1155	06-nazwy-miejsc	osm_laundry	
1156	06-nazwy-miejsc	osm_lawyer	
1157	06-nazwy-miejsc	osm_leather	
1158	06-nazwy-miejsc	osm_library	
1159	06-nazwy-miejsc	osm_life_ring	
1160	06-nazwy-miejsc	osm_lifeguard_base	
1161	06-nazwy-miejsc	osm_lifeguard_platform	
1162	06-nazwy-miejsc	osm_lifeguard_place	
1163	06-nazwy-miejsc	osm_lifeguard_tower	
1164	06-nazwy-miejsc	osm_lift	
1165	06-nazwy-miejsc	osm_lift_gate	
1166	06-nazwy-miejsc	osm_lighthouse	
1167	06-nazwy-miejsc	osm_lock_gate	
1168	06-nazwy-miejsc	osm_locksmith	
1169	06-nazwy-miejsc	osm_locomotive	
1170	06-nazwy-miejsc	osm_log	
1171	06-nazwy-miejsc	osm_lottery	
1172	06-nazwy-miejsc	osm_main_entrance	
1173	06-nazwy-miejsc	osm_mall	
1174	06-nazwy-miejsc	osm_manor	
1175	06-nazwy-miejsc	osm_marina	
1176	06-nazwy-miejsc	osm_marketplace	
1177	06-nazwy-miejsc	osm_massage	
1178	06-nazwy-miejsc	osm_mast	
1179	06-nazwy-miejsc	osm_medical_supply	
1180	06-nazwy-miejsc	osm_memorial	
1181	06-nazwy-miejsc	osm_merging_lane	
1182	06-nazwy-miejsc	osm_metal_construction	
1183	06-nazwy-miejsc	osm_milestone	
1184	06-nazwy-miejsc	osm_mineshaft	
1185	06-nazwy-miejsc	osm_miniature_golf	
1186	06-nazwy-miejsc	osm_mobile_phone	
1187	06-nazwy-miejsc	osm_model_aerodrome	
1188	06-nazwy-miejsc	osm_model	
1189	06-nazwy-miejsc	osm_monastery	
1190	06-nazwy-miejsc	osm_money_lender	
1191	06-nazwy-miejsc	osm_monitoring_station	
1192	06-nazwy-miejsc	osm_monument	
1193	06-nazwy-miejsc	osm_mosque	
1194	06-nazwy-miejsc	osm_motel	
1195	06-nazwy-miejsc	osm_motocross	
1196	06-nazwy-miejsc	osm_motor	
1197	06-nazwy-miejsc	osm_motorcycle_barrier	
1198	06-nazwy-miejsc	osm_motorcycle_parking	
1199	06-nazwy-miejsc	osm_motorcycle	
1200	06-nazwy-miejsc	osm_motorway	
1201	06-nazwy-miejsc	osm_mud	
1202	06-nazwy-miejsc	osm_multi	
1203	06-nazwy-miejsc	osm_tourism_museum	
1204	06-nazwy-miejsc	osm_museum	
1205	06-nazwy-miejsc	osm_music_school	
1206	06-nazwy-miejsc	osm_music	
1207	06-nazwy-miejsc	osm_musical_instrument	
1208	06-nazwy-miejsc	osm_national_park	
1209	06-nazwy-miejsc	osm_nature_reserve	
1210	06-nazwy-miejsc	osm_naval_base	
1211	06-nazwy-miejsc	osm_navigationaid	
1212	06-nazwy-miejsc	osm_neighbourhood	
1213	06-nazwy-miejsc	osm_netball	
1214	06-nazwy-miejsc	osm_newsagent	
1215	06-nazwy-miejsc	osm_newspaper	
1216	06-nazwy-miejsc	osm_ngo	
1217	06-nazwy-miejsc	osm_nightclub	
1218	06-nazwy-miejsc	osm_notary	
1219	06-nazwy-miejsc	osm_nuclear_explosion_site	
1220	06-nazwy-miejsc	osm_nursing_home	
1221	06-nazwy-miejsc	osm_nutrition_supplements	
1222	06-nazwy-miejsc	osm_observatory	
1223	06-nazwy-miejsc	osm_obstacle_course	
1224	06-nazwy-miejsc	osm_office	
1225	06-nazwy-miejsc	osm_office_building	
1226	06-nazwy-miejsc	osm_offshore_platform	
1227	06-nazwy-miejsc	osm_open_space	
1228	06-nazwy-miejsc	osm_base	
1229	06-nazwy-miejsc	osm_optical_telegraph	
1230	06-nazwy-miejsc	osm_optician	
1231	06-nazwy-miejsc	osm_organic	
1232	06-nazwy-miejsc	osm_orienteering	
1233	06-nazwy-miejsc	osm_outdoor	
1234	06-nazwy-miejsc	osm_paddle_tennis	
1235	06-nazwy-miejsc	osm_paint	
1236	06-nazwy-miejsc	osm_painter	
1237	06-nazwy-miejsc	osm_parachuting	
1238	06-nazwy-miejsc	osm_paragliding	
1239	06-nazwy-miejsc	osm_park	
1240	06-nazwy-miejsc	osm_parking	
1241	06-nazwy-miejsc	osm_parking_entrance	
1242	06-nazwy-miejsc	osm_parking_lot	
1243	06-nazwy-miejsc	osm_parking_space	
1244	06-nazwy-miejsc	osm_parquet_layer	
1245	06-nazwy-miejsc	osm_pasta	
1246	06-nazwy-miejsc	osm_pastry	
1247	06-nazwy-miejsc	osm_path	
1248	06-nazwy-miejsc	osm_pavillion	
1249	06-nazwy-miejsc	osm_pawnbroker	
1250	06-nazwy-miejsc	osm_peak	
1251	06-nazwy-miejsc	osm_pedestrianised_area	
1252	06-nazwy-miejsc	osm_pedestrian_street	
1253	06-nazwy-miejsc	osm_pelota	
1254	06-nazwy-miejsc	osm_perfumery	
1255	06-nazwy-miejsc	osm_pet	
1256	06-nazwy-miejsc	osm_petroleum_well	
1257	06-nazwy-miejsc	osm_pharmacy	
1258	06-nazwy-miejsc	osm_photo_booth	
1259	06-nazwy-miejsc	osm_photo	
1260	06-nazwy-miejsc	osm_photographer	
1261	06-nazwy-miejsc	osm_photographic_laboratory	
1262	06-nazwy-miejsc	osm_picnic_area	
1263	06-nazwy-miejsc	osm_picnic_site	
1264	06-nazwy-miejsc	osm_picnic_table	
1265	06-nazwy-miejsc	osm_pier	
1266	06-nazwy-miejsc	osm_sty	
1267	06-nazwy-miejsc	osm_pillory	
1268	06-nazwy-miejsc	osm_pitch	
1269	06-nazwy-miejsc	osm_generic_place	
1270	06-nazwy-miejsc	osm_place_of_worship	
1271	06-nazwy-miejsc	osm_planetarium	
1272	06-nazwy-miejsc	osm_plasterer	
1273	06-nazwy-miejsc	osm_platform	
1274	06-nazwy-miejsc	osm_playground	
1275	06-nazwy-miejsc	osm_plumber	
1276	06-nazwy-miejsc	osm_police	
1277	06-nazwy-miejsc	osm_political_party	
1278	06-nazwy-miejsc	osm_port	
1279	06-nazwy-miejsc	osm_post_box	
1280	06-nazwy-miejsc	osm_post_office	
1281	06-nazwy-miejsc	osm_pottery	
1282	06-nazwy-miejsc	osm_prison	
1283	06-nazwy-miejsc	osm_private_investigator	
1284	06-nazwy-miejsc	osm_pub	
1285	06-nazwy-miejsc	osm_quango	
1286	06-nazwy-miejsc	osm_public_bookcase	
1287	06-nazwy-miejsc	osm_public_building	
1288	06-nazwy-miejsc	osm_public	
1289	06-nazwy-miejsc	osm_public_park	
1290	06-nazwy-miejsc	osm_pumping_station	
1291	06-nazwy-miejsc	osm_pylon	
1292	06-nazwy-miejsc	osm_raceway	
1293	06-nazwy-miejsc	osm_racquet	
1294	06-nazwy-miejsc	osm_radiotechnics	
1295	06-nazwy-miejsc	osm_railway	
1296	06-nazwy-miejsc	osm_ranger_station	
1297	06-nazwy-miejsc	osm_real_estate_agent	
1298	06-nazwy-miejsc	osm_realtor	
1299	06-nazwy-miejsc	osm_recreation_ground	
1300	06-nazwy-miejsc	osm_recycling	
1301	06-nazwy-miejsc	osm_recycling_bin	
1302	06-nazwy-miejsc	osm_register_office	
1303	06-nazwy-miejsc	osm_religion	
1304	06-nazwy-miejsc	osm_rc_car	
1305	06-nazwy-miejsc	osm_rescue_station	
1306	06-nazwy-miejsc	osm_research	
1307	06-nazwy-miejsc	osm_reservoir	
1308	06-nazwy-miejsc	osm_residential	
1309	06-nazwy-miejsc	osm_residential_street	
1310	06-nazwy-miejsc	osm_restaurant	
1311	06-nazwy-miejsc	osm_restroom	
1312	06-nazwy-miejsc	osm_retail	
1313	06-nazwy-miejsc	osm_ridge	
1314	06-nazwy-miejsc	osm_rigger	
1315	06-nazwy-miejsc	osm_river	
1316	06-nazwy-miejsc	osm_road	
1317	06-nazwy-miejsc	osm_road_works	
1318	06-nazwy-miejsc	osm_rock	
1319	06-nazwy-miejsc	osm_roller_skating	
1320	06-nazwy-miejsc	osm_roof	
1321	06-nazwy-miejsc	osm_roofer	
1322	06-nazwy-miejsc	osm_rope	
1323	06-nazwy-miejsc	osm_roundabout	
1324	06-nazwy-miejsc	osm_roundhouse	
1325	06-nazwy-miejsc	osm_rowing	
1326	06-nazwy-miejsc	osm_rugby_league	
1327	06-nazwy-miejsc	osm_rugby_union	
1328	06-nazwy-miejsc	osm_ruins	
1329	06-nazwy-miejsc	osm_rune_stone	
1330	06-nazwy-miejsc	osm_running	
1331	06-nazwy-miejsc	osm_saddler	
1332	06-nazwy-miejsc	osm_safety_training	
1333	06-nazwy-miejsc	osm_sailing	
1334	06-nazwy-miejsc	osm_sailmaker	
1335	06-nazwy-miejsc	osm_sally_port	
1336	06-nazwy-miejsc	osm_sauna	
1337	06-nazwy-miejsc	osm_sawmill	
1338	06-nazwy-miejsc	osm_scaffolder	
1339	06-nazwy-miejsc	osm_school	
1340	06-nazwy-miejsc	osm_school_building	
1341	06-nazwy-miejsc	osm_scuba_diving	
1342	06-nazwy-miejsc	osm_sculptor	
1343	06-nazwy-miejsc	osm_seafood	
1344	06-nazwy-miejsc	osm_second_hand	
1345	06-nazwy-miejsc	osm_services	
1346	06-nazwy-miejsc	osm_service_road	
1347	06-nazwy-miejsc	osm_digester	
1348	06-nazwy-miejsc	osm_shared_space	
1349	06-nazwy-miejsc	osm_shed	
1350	06-nazwy-miejsc	osm_shelter	
1351	06-nazwy-miejsc	osm_ship	
1352	06-nazwy-miejsc	osm_shoe_shop	
1353	06-nazwy-miejsc	osm_shoes	
1354	06-nazwy-miejsc	osm_shoemaker	
1355	06-nazwy-miejsc	osm_shooting	
1356	06-nazwy-miejsc	osm_shop	
1357	06-nazwy-miejsc	osm_generic_shop	
1358	06-nazwy-miejsc	osm_shopping_mall	
1359	06-nazwy-miejsc	osm_shower	
1360	06-nazwy-miejsc	osm_shrine	
1361	06-nazwy-miejsc	osm_signal	
1362	06-nazwy-miejsc	osm_silo	
1363	06-nazwy-miejsc	osm_sinkhole	
1364	06-nazwy-miejsc	osm_siren	
1365	06-nazwy-miejsc	osm_skateboard	
1366	06-nazwy-miejsc	osm_skating	
1367	06-nazwy-miejsc	osm_skiing	
1368	06-nazwy-miejsc	osm_sleeping_pods	
1369	06-nazwy-miejsc	osm_snow_net	
1370	06-nazwy-miejsc	osm_soccer	
1371	06-nazwy-miejsc	osm_social_centre	
1372	06-nazwy-miejsc	osm_social_facility	
1373	06-nazwy-miejsc	osm_speciality_store	
1374	06-nazwy-miejsc	osm_speed_camera	
1375	06-nazwy-miejsc	osm_spending_area	
1376	06-nazwy-miejsc	osm_spikes	
1377	06-nazwy-miejsc	osm_sport	
1378	06-nazwy-miejsc	osm_sports_centre	
1379	06-nazwy-miejsc	osm_sports_field	
1380	06-nazwy-miejsc	osm_sports	
1381	06-nazwy-miejsc	osm_spring	
1382	06-nazwy-miejsc	osm_stable	
1383	06-nazwy-miejsc	osm_stadium	
1384	06-nazwy-miejsc	osm_stairs	
1385	06-nazwy-miejsc	osm_stand_builder	
1386	06-nazwy-miejsc	osm_static_caravan	
1387	06-nazwy-miejsc	osm_station	
1388	06-nazwy-miejsc	osm_stationery	
1389	06-nazwy-miejsc	osm_steps	
1390	06-nazwy-miejsc	osm_stile	
1391	06-nazwy-miejsc	osm_stone	
1392	06-nazwy-miejsc	osm_stonemason	
1393	06-nazwy-miejsc	osm_storage_tank	
1394	06-nazwy-miejsc	osm_stripclub	
1395	06-nazwy-miejsc	osm_studio	
1396	06-nazwy-miejsc	osm_substation	
1397	06-nazwy-miejsc	osm_subway_entrance	
1398	06-nazwy-miejsc	osm_subway	
1399	06-nazwy-miejsc	osm_summer_camp	
1400	06-nazwy-miejsc	osm_sump_buster	
1401	06-nazwy-miejsc	osm_sun_protection	
1402	06-nazwy-miejsc	osm_supermarket	
1403	06-nazwy-miejsc	osm_surfing	
1404	06-nazwy-miejsc	osm_surveillance	
1405	06-nazwy-miejsc	osm_survey_point	
1406	06-nazwy-miejsc	osm_swimming_area	
1407	06-nazwy-miejsc	osm_swimming_pool	
1408	06-nazwy-miejsc	osm_swimming	
1409	06-nazwy-miejsc	osm_swing_gate	
1410	06-nazwy-miejsc	osm_swingerclub	
1411	06-nazwy-miejsc	osm_synagogue	
1412	06-nazwy-miejsc	osm_table_soccer	
1413	06-nazwy-miejsc	osm_table_tennis	
1414	06-nazwy-miejsc	osm_taekwondo	
1415	06-nazwy-miejsc	osm_tailor	
1416	06-nazwy-miejsc	osm_tattoo	
1417	06-nazwy-miejsc	osm_tax_advisor	
1418	06-nazwy-miejsc	osm_tax	
1419	06-nazwy-miejsc	osm_taxi	
1420	06-nazwy-miejsc	osm_taxi_waiting_area	
1421	06-nazwy-miejsc	osm_tea	
1422	06-nazwy-miejsc	osm_telecommunication	
1423	06-nazwy-miejsc	osm_telephone	
1424	06-nazwy-miejsc	osm_telescope	
1425	06-nazwy-miejsc	osm_temple	
1426	06-nazwy-miejsc	osm_tennis	
1427	06-nazwy-miejsc	osm_10pin	
1428	06-nazwy-miejsc	osm_terminal	
1429	06-nazwy-miejsc	osm_terrace	
1430	06-nazwy-miejsc	osm_theatre	
1431	06-nazwy-miejsc	osm_theme_park	
1432	06-nazwy-miejsc	osm_ticket	
1433	06-nazwy-miejsc	osm_tiler	
1434	06-nazwy-miejsc	osm_tinsmith	
1435	06-nazwy-miejsc	osm_tobacco	
1436	06-nazwy-miejsc	osm_toboggan	
1437	06-nazwy-miejsc	osm_toilets	
1438	06-nazwy-miejsc	osm_toll_booth	
1439	06-nazwy-miejsc	osm_tomb	
1440	06-nazwy-miejsc	osm_tower	
1441	06-nazwy-miejsc	osm_town	
1442	06-nazwy-miejsc	osm_townhall	
1443	06-nazwy-miejsc	osm_toys	
1444	06-nazwy-miejsc	osm_toy_shop	
1445	06-nazwy-miejsc	osm_track	
1446	06-nazwy-miejsc	osm_trade	
1447	06-nazwy-miejsc	osm_traffic_cones	
1448	06-nazwy-miejsc	osm_traffic_signals	
1449	06-nazwy-miejsc	osm_train_station	
1450	06-nazwy-miejsc	osm_train_terminal	
1451	06-nazwy-miejsc	osm_training_area	
1452	06-nazwy-miejsc	osm_tram_stop	
1453	06-nazwy-miejsc	osm_tram_stop_named	
1454	06-nazwy-miejsc	osm_transformer_tower	
1455	06-nazwy-miejsc	osm_transit	
1456	06-nazwy-miejsc	osm_transportation	
1457	06-nazwy-miejsc	osm_travel_agency	
1458	06-nazwy-miejsc	osm_travel_agent	
1459	06-nazwy-miejsc	osm_trophy	
1460	06-nazwy-miejsc	osm_trunk	
1461	06-nazwy-miejsc	osm_tunnel	
1462	06-nazwy-miejsc	osm_turnstile	
1463	06-nazwy-miejsc	osm_turntable	
1464	06-nazwy-miejsc	osm_tyres	
1465	06-nazwy-miejsc	osm_university	
1466	06-nazwy-miejsc	osm_unmanaged_crossing	
1467	06-nazwy-miejsc	osm_upholsterer	
1468	06-nazwy-miejsc	osm_user	
1469	06-nazwy-miejsc	osm_vacant	
1470	06-nazwy-miejsc	osm_vacuum_cleaner	
1471	06-nazwy-miejsc	osm_variety_store	
1472	06-nazwy-miejsc	osm_vending_machine	
1473	06-nazwy-miejsc	osm_veterinary	
1474	06-nazwy-miejsc	osm_video_games	
1475	06-nazwy-miejsc	osm_video	
1476	06-nazwy-miejsc	osm_viewpoint	
1477	06-nazwy-miejsc	osm_village	
1478	06-nazwy-miejsc	osm_village_green	
1479	06-nazwy-miejsc	osm_volcano	
1480	06-nazwy-miejsc	osm_volleyball	
1481	06-nazwy-miejsc	osm_walking_path	
1482	06-nazwy-miejsc	osm_warehouse	
1483	06-nazwy-miejsc	osm_waste_basket	
1484	06-nazwy-miejsc	osm_waste_disposal	
1485	06-nazwy-miejsc	osm_wastewater_plant	
1486	06-nazwy-miejsc	osm_watches	
1487	06-nazwy-miejsc	osm_watchmaker	
1488	06-nazwy-miejsc	osm_water	
1489	06-nazwy-miejsc	osm_water_fountain	
1490	06-nazwy-miejsc	osm_water_park	
1491	06-nazwy-miejsc	osm_water_point	
1492	06-nazwy-miejsc	osm_water_polo	
1493	06-nazwy-miejsc	osm_water_ski	
1494	06-nazwy-miejsc	osm_water_tank	
1495	06-nazwy-miejsc	osm_water_tap	
1496	06-nazwy-miejsc	osm_water_tower	
1497	06-nazwy-miejsc	osm_water_utility	
1498	06-nazwy-miejsc	osm_water_well	
1499	06-nazwy-miejsc	osm_water_works	
1500	06-nazwy-miejsc	osm_waterfall	
1501	06-nazwy-miejsc	osm_watering_place	
1502	06-nazwy-miejsc	osm_watermill	
1503	06-nazwy-miejsc	osm_wayside_cross	
1504	06-nazwy-miejsc	osm_wayside_shrine	
1505	06-nazwy-miejsc	osm_weapons	
1506	06-nazwy-miejsc	osm_weightlifting	
1507	06-nazwy-miejsc	osm_weir	
1508	06-nazwy-miejsc	osm_wetland	
1509	06-nazwy-miejsc	osm_wilderness_hut	
1510	06-nazwy-miejsc	osm_wildlife_hide	
1511	06-nazwy-miejsc	osm_windmill	
1512	06-nazwy-miejsc	osm_window_blind	
1513	06-nazwy-miejsc	osm_window_construction	
1514	06-nazwy-miejsc	osm_wine	
1515	06-nazwy-miejsc	osm_winery	
1516	06-nazwy-miejsc	osm_wood	
1517	06-nazwy-miejsc	osm_wreck	
1518	06-nazwy-miejsc	osm_wrestling	
1519	06-nazwy-miejsc	osm_zoo	
1520	06-nazwy-miejsc	osm_copyright	
